firstName,lastName,emailAddress,phoneNumber
Wells,Etheline,etheline_wel_rstest076721@testRandomURL.com,000-252-7006
Yasmin,Fletcher,fletcher_yas_rstest086699@testRandomURL.com,000-288-7962
Wendie,Athanasiadis,athanasiadis_wen_rstest027035@testRandomURL.com,000-997-2438
Quannell,Abel,abel_qua_rstest049638@testRandomURL.com,000-200-9207
Tonie,Etta,etta_ton_rstest069780@testRandomURL.com,000-981-6607
Caldicot,Erma,erma_cal_rstest058540@testRandomURL.com,000-988-6273
Aberavon,Aaberg,aaberg_abe_rstest022863@testRandomURL.com,000-764-6441
Zenia,Guzman,guzman_zen_rstest072682@testRandomURL.com,000-801-5596
Trixy,Eran,eran_tri_rstest086603@testRandomURL.com,000-584-4188
Corwen,Paden,paden_cor_rstest057073@testRandomURL.com,000-376-9722
Velvet,Abbitt,abbitt_vel_rstest063163@testRandomURL.com,000-826-3426
Lakin,Enid,enid_lak_rstest044057@testRandomURL.com,000-579-3540
Timothea,Paduano,paduano_tim_rstest042526@testRandomURL.com,000-360-6676
Flint,Lucas,lucas_fli_rstest086498@testRandomURL.com,000-666-4974
Vally,Gilbert,gilbert_val_rstest092034@testRandomURL.com,000-951-5175
Cassietta,Eran,eran_cas_rstest010707@testRandomURL.com,000-430-9334
Naeem,Salazar,salazar_nae_rstest081897@testRandomURL.com,000-450-1321
Mashawn,Abegg,abegg_mas_rstest059139@testRandomURL.com,000-918-6097
Ferry,Manuel,manuel_fer_rstest019231@testRandomURL.com,000-564-2848
Vitoria,Ermengarde,ermengarde_vit_rstest061356@testRandomURL.com,000-158-6496
