firstName,lastName,emailAddress,phoneNumber
Rajah,Paddock,paddock_raj_rstest060397@testRandomURL.com,000-147-6416
Samia,Von-humpeding,von-humpeding_sam_rstest036307@testRandomURL.com,000-705-3191
Aquilegia,Goodman,goodman_aqu_rstest030230@testRandomURL.com,000-738-8126
Tracie,Pachter,pachter_tra_rstest026682@testRandomURL.com,000-994-1987
Umeko,Aagard,aagard_ume_rstest075550@testRandomURL.com,000-374-4095
Gregory,Eudora,eudora_gre_rstest020018@testRandomURL.com,000-664-3222
Pembroke,Montgomery,montgomery_pem_rstest095614@testRandomURL.com,000-941-1057
Vanny,Padmanabhan,padmanabhan_van_rstest096850@testRandomURL.com,000-407-8656
Danny,Paddock,paddock_dan_rstest053445@testRandomURL.com,000-889-9297
Wally,Salvatore,salvatore_wal_rstest022780@testRandomURL.com,000-811-2200
Naziha,Hio,hio_naz_rstest086244@testRandomURL.com,000-934-6208
Astilbes,Rhodes,rhodes_ast_rstest059760@testRandomURL.com,000-476-5647
Rahma,Maldonado,maldonado_rah_rstest027595@testRandomURL.com,000-581-2582
Zineb,Salvatore,salvatore_zin_rstest092526@testRandomURL.com,000-940-6520
Omar,Pearson,pearson_oma_rstest041864@testRandomURL.com,000-112-4042
Gazania,Lockwood,lockwood_gaz_rstest098838@testRandomURL.com,000-114-1420
Timmie,Athanasiadis,athanasiadis_tim_rstest044221@testRandomURL.com,000-369-9813
majus,Larson,larson_maj_rstest030956@testRandomURL.com,000-931-8062
Yvonne,Caldwell,caldwell_yvo_rstest019549@testRandomURL.com,000-192-5087
Zonda,Abdon,abdon_zon_rstest011143@testRandomURL.com,000-320-2542
Samira,Tucker,tucker_sam_rstest018946@testRandomURL.com,000-345-2118
Wileen,Padberg,padberg_wil_rstest099636@testRandomURL.com,000-120-3850
Kyan,Benson,benson_kya_rstest021378@testRandomURL.com,000-987-9240
